{
  "1209.0592v1": {
    "title": "Is Physics Sick? [In Praise of Classical Physics]",
    "authors": [
      "Hisham Ghassib"
    ],
    "summary": "In this paper, it is argued that theoretical physics is more akin to an\norganism than to a rigid structure.It is in this sense that the epithet,\n\"sick\", applies to it. It is argued that classical physics is a model of a\nhealthy science, and the degree of sickness of modern physics is measured\naccordingly. The malady is located in the relationship between mathematics and\nphysical meaning in physical theory.",
    "pdf_url": "http://arxiv.org/pdf/1209.0592v1",
    "published": "2012-09-04"
  },
  "math-ph/0002018v2": {
    "title": "Modern Mathematical Physics: what it should be?",
    "authors": [
      "Ludwig Faddeev"
    ],
    "summary": "Personal view of author on goals and content of Mathematical Physics.",
    "pdf_url": "http://arxiv.org/pdf/math-ph/0002018v2",
    "published": "2000-02-08"
  },
  "math-ph/0503039v1": {
    "title": "Topology in Physics",
    "authors": [
      "R. Jackiw"
    ],
    "summary": "The phenomenon of quantum number fractionalization is explained. The\nrelevance of non-trivial phonon field topology is emphasized.",
    "pdf_url": "http://arxiv.org/pdf/math-ph/0503039v1",
    "published": "2005-03-15"
  },
  "physics/0308107v1": {
    "title": "Contents of Physics Related E-Print Archives",
    "authors": [
      "E. R. Prakasan",
      "Anil Kumar",
      "Anil Sagar",
      "Lalit Mohan",
      "Sanjay Kumar Singh",
      "V. L. Kalyane",
      "Vijai Kumar"
    ],
    "summary": "The frontiers of physics related e-print archives (1994-2002) at\nhttp://www.arxiv.org/archives/physics web service are explored from 7770\nsubmissions. No. of e-prints in the six research disciplines besides physics\n(5390) were: Condensed matter(754), Quantum physics(279), Astrophysics(222),\nChemical physics(129), High energy physics Phenomenology(118), and High energy\nphysics-Theory(100)). By keyword contents following major sub-fields have high\nfrequency: Atomic physics(1258), General physics(1121), Chemical physics(892),\nAccelerator physics(769), Optics(686), Biological physics(674), and\nComputational physics(607). Interdomainary co-word cluster analysis revealed\nhigher e-print contents for: Classical physics-General physics(108), Quantum\nphysics-Optics(53), and High energy physics (Phenomenology)Atomic physics(49).\nProminent contributors were B. G. Sidharth (India), V. V. Flambaum (Australia),\nAntonina N. Fedorova (Russia), and Michael G. Zeitlin (Russia).",
    "pdf_url": "http://arxiv.org/pdf/physics/0308107v1",
    "published": "2003-08-28"
  },
  "1405.5530v1": {
    "title": "Fundamental Dilemmas in Theoretical Physics",
    "authors": [
      "Hisham Ghassib"
    ],
    "summary": "In this paper, we argue that there are foundational dilemmas in theoretical\nphysics related to the concept of reality and the nature of mathematics in\nphysics. Physical theory is treated as a conceptual organism which develops\nunder the weight of its internal contradictions. The paper discusses in depth\nthe problem of objective reality in physics and its relation to scientific\npractice. Then, it explores the problematic relation between physical meaning\nand mathematics in modern physical theory, followed by a discussion of the\ntrend of contemporary physics to replace physical principles with pure\nmathematical principles. Finally, it discusses the problem of logical coherence\nin modern physical theory. The paper emphasizes the importance of resolving\nthese dilemmas to the proper practice of theoretical physics.",
    "pdf_url": "http://arxiv.org/pdf/1405.5530v1",
    "published": "2014-05-22"
  },
  "hep-ph/9512205v1": {
    "title": "Physics of Heavy Quarks",
    "authors": [
      "Kacper Zalewski"
    ],
    "summary": "Selected problems in heavy quark physics are discussed. The wealth of\nresearch problems in this field of physics is stressed.",
    "pdf_url": "http://arxiv.org/pdf/hep-ph/9512205v1",
    "published": "1995-12-01"
  },
  "hep-ph/0411059v1": {
    "title": "Linear collider prospects on electroweak physics",
    "authors": [
      "M. Muhlleitner"
    ],
    "summary": "Prospects on electroweak physics at a future International Linear Collider\n(ILC) are summarized, including gauge coupling measurements, top quark physics\nand Higgs physics.",
    "pdf_url": "http://arxiv.org/pdf/hep-ph/0411059v1",
    "published": "2004-11-04"
  },
  "hep-th/0501178v1": {
    "title": "Topological Aspects of Gauge Theories",
    "authors": [
      "R. Jackiw"
    ],
    "summary": "To appear in Encyclopedia of Mathematical Physics, published by Elsevier in\nearly 2006. Comments/corrections welcome. The article surveys topological\naspects in gauge theories.",
    "pdf_url": "http://arxiv.org/pdf/hep-th/0501178v1",
    "published": "2005-01-21"
  },
  "0904.4205v1": {
    "title": "p-Adic Mathematical Physics",
    "authors": [
      "B. Dragovich",
      "A. Yu. Khrennikov",
      "S. V. Kozyrev",
      "I. V. Volovich"
    ],
    "summary": "A brief review of some selected topics in p-adic mathematical physics is\npresented.",
    "pdf_url": "http://arxiv.org/pdf/0904.4205v1",
    "published": "2009-04-27"
  },
  "1307.3970v1": {
    "title": "Invariances in Physics and Group Theory",
    "authors": [
      "Jean-Bernard Zuber"
    ],
    "summary": "This is a short review of the heritage of Klein's Erlangen program in modern\nphysics.",
    "pdf_url": "http://arxiv.org/pdf/1307.3970v1",
    "published": "2013-07-15"
  }
}